Section 7 - Contingency Planning,,,,,,,,,
Question #,Question Text,Indicator,Question Responses,Education,Risk,Risk Indicated,Required?,Reference,
Section Questions,,,,,,,,,
1,Does your practice have a contingency plan in the event of an emergency? ,,,,,,,,
,,,"Yes. We have a response plan in place that includes policies and procedures to follow in the event of an emergency such as cyberattack, natural disaster, and power outages. ","This is the most effective option among those provided to protect the confidentiality, integrity, and availability of ePHI. The contingency plan should be reviewed, tested, and updated periodically. As part of this you should determine what critical services and ePHI must be available during an emergency. ",1,,Required,"HIPAA: §164.308(a)(7)(i) 
NIST CSF: GV.OC, GV.RM, PR.AA, PR.IR, PR.PS, RS.MA 
HPH CPG: 7, 19 
HICP: TV1 - Practice # 8",
,,,No. We have no contingency plan in place at this time. ,"Ensure your practice can operate effectively and efficiently under emergency by having a contingency plan. This should be included in your documented policies and procedures. The contingency plan should be reviewed, tested, and updated periodically. As part of this you should determine what critical services and ePHI must be available during an emergency. ",0,,Required,"HIPAA: §164.308(a)(7)(i) 
NIST CSF: GV.OC, GV.RM, PR.AA, PR.IR, PR.PS, RS.MA 
HPH CPG: 7, 19 
HICP: TV1 - Practice # 8",
,,,I don't know.,"Ensure your practice can operate effectively and efficiently under emergency by having a contingency plan. This should be included in your documented policies and procedures. The contingency plan should be reviewed, tested, and updated periodically. As part of this you should determine what critical services and ePHI must be available during an emergency. ",0,,Required,"HIPAA: §164.308(a)(7)(i) 
NIST CSF: GV.OC, GV.RM, PR.AA, PR.IR, PR.PS, RS.MA 
HPH CPG: 7, 19 
HICP: TV1 - Practice # 8",
,,,Flag this question for later.,"This question will be marked as an area for review and will be included in the ""Flagged Questions"" report. ",0,,Required,"HIPAA: §164.308(a)(7)(i) 
NIST CSF: GV.OC, GV.RM, PR.AA, PR.IR, PR.PS, RS.MA 
HPH CPG: 7, 19 
HICP: TV1 - Practice # 8",
,Notes,,,,,,,,
2,Is your contingency plan documented?,,,,,,,,
,,,Yes. ,"This is the most effective option among those provided to protect the confidentiality, integrity, and availability of ePHI.",1,,Required,"HIPAA: §164.308(a)(7)(i) 
NIST CSF: GV.OC, GV.RM, PR.AA, PR.IR, PR.PS, RS.MA 
HPH CPG: 7, 19 
HICP: N/A",
,,,No.,Your contingency plan should be documented in your policies and procedures. ,0,,Required,"HIPAA: §164.308(a)(7)(i) 
NIST CSF: GV.OC, GV.RM, PR.AA, PR.IR, PR.PS, RS.MA 
HPH CPG: 7, 19 
HICP: N/A",
,,,I don't know.,Your contingency plan should be documented in your policies and procedures. ,0,,Required,"HIPAA: §164.308(a)(7)(i) 
NIST CSF: GV.OC, GV.RM, PR.AA, PR.IR, PR.PS, RS.MA 
HPH CPG: 7, 19 
HICP: N/A",
,,,Flag this question for later.,"This question will be marked as an area for review and will be included in the ""Flagged Questions"" report. ",0,,Required,"HIPAA: §164.308(a)(7)(i) 
NIST CSF: GV.OC, GV.RM, PR.AA, PR.IR, PR.PS, RS.MA 
HPH CPG: 7, 19 
HICP: N/A",
,Notes,,,,,,,,
3,Do you periodically update your contingency plan? ,,,,,,,,
,,,Yes. ,"This is the most effective option among those provided to protect the confidentiality, integrity, and availability of ePHI.",1,,Required,"HIPAA: §164.308(a)(7)(i) 
NIST CSF: GV.OC, GV.RM, PR.AA, PR.IR, PR.PS, RS.MA, ID.IM 
HPH CPG: 7, 19 
HICP: N/A",
,,,"Yes, but only if there are changes in our practice.",Consider reviewing and updating your contingency plan on a periodic basis.,0,,Required,"HIPAA: §164.308(a)(7)(i) 
NIST CSF: GV.OC, GV.RM, PR.AA, PR.IR, PR.PS, RS.MA, ID.IM 
HPH CPG: 7, 19 
HICP: N/A",
,,,No.,Consider reviewing and updating your contingency plan on a periodic basis.,0,,Required,"HIPAA: §164.308(a)(7)(i) 
NIST CSF: GV.OC, GV.RM, PR.AA, PR.IR, PR.PS, RS.MA, ID.IM 
HPH CPG: 7, 19 
HICP: N/A",
,,,I don't know.,Consider reviewing and updating your contingency plan on a periodic basis.,0,,Required,"HIPAA: §164.308(a)(7)(i) 
NIST CSF: GV.OC, GV.RM, PR.AA, PR.IR, PR.PS, RS.MA, ID.IM 
HPH CPG: 7, 19 
HICP: N/A",
,,,Flag this question for later.,"This question will be marked as an area for review and will be included in the ""Flagged Questions"" report. ",0,,Required,"HIPAA: §164.308(a)(7)(i) 
NIST CSF: GV.OC, GV.RM, PR.AA, PR.IR, PR.PS, RS.MA, ID.IM 
HPH CPG: 7, 19 
HICP: N/A",
,Notes,,,,,,,,
4,How do you ensure that your contingency plan is effective and updated appropriately? ,,,,,,,,
,,,"We periodically review the plans contents, perform tests of the plan, and record the results. We revise the plan as needed and document this in policy. ","This is the most effective option among those provided to protect the confidentiality, integrity, and availability of ePHI.",1,,Required,"HIPAA: §164.308(a)(7)(ii)(D) 
NIST CSF: ID.IM, ID.RA, PR.PS, GV.OC 
HPH CPG: 7, 19 
HICP: N/A",
,,,We periodically review the plan's contents but do not perform any tests or exercises of the plan's effectiveness. ,Consider periodically testing the contingency plan for effectiveness. Maintain documentation of contingency plan testing and revisions in your policies and procedures.,0,,Required,"HIPAA: §164.308(a)(7)(ii)(D) 
NIST CSF: ID.IM, ID.RA, PR.PS, GV.OC 
HPH CPG: 7, 19 
HICP: N/A",
,,,"We periodically run tests or exercises of the plan's effectiveness, but we do not document these tests. We have not made updates to our contingency plan yet. ",Consider maintaining documentation of contingency plan testing and revisions in your policies and procedures.,0,,Required,"HIPAA: §164.308(a)(7)(ii)(D) 
NIST CSF: ID.IM, ID.RA, PR.PS, GV.OC 
HPH CPG: 7, 19 
HICP: N/A",
,,,We do not review or test our contingency plan.,Consider periodically reviewing and testing the contingency plan for effectiveness. Maintain documentation of contingency plan testing and revisions in your policies and procedures.,0,,Required,"HIPAA: §164.308(a)(7)(ii)(D) 
NIST CSF: ID.IM, ID.RA, PR.PS, GV.OC 
HPH CPG: 7, 19 
HICP: N/A",
,,,I don't know. ,Consider periodically reviewing and testing the contingency plan for effectiveness. Maintain documentation of contingency plan testing and revisions in your policies and procedures.,0,,Required,"HIPAA: §164.308(a)(7)(ii)(D) 
NIST CSF: ID.IM, ID.RA, PR.PS, GV.OC 
HPH CPG: 7, 19 
HICP: N/A",
,,,Other.,"Depending on what other actions your practice does to ensure your contingency plan is updated appropriately, you may want to consider periodically reviewing and testing the contingency plan for effectiveness. Maintain documentation of contingency plan testing and revisions in your policies and procedures.",0,,Required,"HIPAA: §164.308(a)(7)(ii)(D) 
NIST CSF: ID.IM, ID.RA, PR.PS, GV.OC 
HPH CPG: 7, 19 
HICP: N/A",
,,,Flag this question for later.,"This question will be marked as an area for review and will be included in the ""Flagged Questions"" report. ",0,,Required,"HIPAA: §164.308(a)(7)(ii)(D) 
NIST CSF: ID.IM, ID.RA, PR.PS, GV.OC 
HPH CPG: 7, 19 
HICP: N/A",
,Notes,,,,,,,,
5,Have you considered what kind of emergencies could damage critical information systems or prevent access to ePHI within your practice?,,,,,,,,
,,,Yes and we have documented contingency plans for various types of emergencies.,"This is the most effective option among those provided to protect the confidentiality, integrity, and availability of ePHI.",1,,Required,"HIPAA: §164.308(a)(7)(i) 
NIST CSF: GV.OC, GV.RM, PR.AA, PR.IR, PR.PS, RS.MA, ID.RA 
HPH CPG: 7, 19 
HICP: N/A",
,,,No.,"You should consider all natural and man-made disasters that could affect the confidentiality, integrity, and availability of ePHI. You should also document how you would respond in these situations to maintain security of ePHI in your policies and procedures.",0,,Required,"HIPAA: §164.308(a)(7)(i) 
NIST CSF: GV.OC, GV.RM, PR.AA, PR.IR, PR.PS, RS.MA, ID.RA 
HPH CPG: 7, 19 
HICP: N/A",
,,,I don't know. ,"You should consider all natural and man-made disasters that could affect the confidentiality, integrity, and availability of ePHI. You should also document how you would respond in these situations to maintain security of ePHI in your policies and procedures.",0,,Required,"HIPAA: §164.308(a)(7)(i) 
NIST CSF: GV.OC, GV.RM, PR.AA, PR.IR, PR.PS, RS.MA, ID.RA 
HPH CPG: 7, 19 
HICP: N/A",
,,,Flag this question for later.,"This question will be marked as an area for review and will be included in the ""Flagged Questions"" report. ",0,,Required,"HIPAA: §164.308(a)(7)(i) 
NIST CSF: GV.OC, GV.RM, PR.AA, PR.IR, PR.PS, RS.MA, ID.RA 
HPH CPG: 7, 19 
HICP: N/A",
,Notes,,,,,,,,
6,What types of emergencies have you considered?,,,,,,,,
,,,"We have considered natural disasters, such as wildfire, damaging winds, floods, hurricanes, tornadoes, or earthquakes.","You should consider infrastructure and man-made disasters that could affect the confidentiality, integrity, and availability of ePHI. ",0,,Required,"HIPAA: §164.308(a)(7)(i) 
NIST CSF: GV.OC, GV.RM, PR.AA, PR.IR, PR.PS, RS.MA, ID.RA 
HPH CPG: 7, 19 
HICP: N/A",
,,,"We have considered man-made disasters, such as vandalism, biochemical warfare, toxic emissions, or civil unrest/terrorism.","You should consider all infrastructure and natural disasters that could affect the confidentiality, integrity, and availability of ePHI. ",0,,Required,"HIPAA: §164.308(a)(7)(i) 
NIST CSF: GV.OC, GV.RM, PR.AA, PR.IR, PR.PS, RS.MA, ID.RA 
HPH CPG: 7, 19 
HICP: N/A",
,,,"We have considered infrastructure issues, such as power outages, road blocks, building hazards, network or data center outages, and cyberattacks such as ransomware. ","You should consider all natural and man-made disasters that could affect the confidentiality, integrity, and availability of ePHI. ",0,,Required,"HIPAA: §164.308(a)(7)(i) 
NIST CSF: GV.OC, GV.RM, PR.AA, PR.IR, PR.PS, RS.MA, ID.RA 
HPH CPG: 7, 19 
HICP: N/A",
,,,All of the above. ,"This is the most effective option among those provided to protect the confidentiality, integrity, and availability of ePHI.",1,,Required,"HIPAA: §164.308(a)(7)(i) 
NIST CSF: GV.OC, GV.RM, PR.AA, PR.IR, PR.PS, RS.MA, ID.RA 
HPH CPG: 7, 19 
HICP: N/A",
,,,Other.,"You should consider infrastructure, natural, and man-made disasters that could affect the confidentiality, integrity, and availability of ePHI. ",0,,Required,"HIPAA: §164.308(a)(7)(i) 
NIST CSF: GV.OC, GV.RM, PR.AA, PR.IR, PR.PS, RS.MA, ID.RA 
HPH CPG: 7, 19 
HICP: N/A",
,,,Flag this question for later.,"This question will be marked as an area for review and will be included in the ""Flagged Questions"" report. ",0,,Required,"HIPAA: §164.308(a)(7)(i) 
NIST CSF: GV.OC, GV.RM, PR.AA, PR.IR, PR.PS, RS.MA, ID.RA 
HPH CPG: 7, 19 
HICP: N/A",
,Notes,,,,,,,,
7,Have you documented in your policies and procedures various emergency types and how you would respond to them?,,,,,,,,
,,,Yes.,"This is the most effective option among those provided to protect the confidentiality, integrity, and availability of ePHI. Review and revise these documents based on testing and incident results.",1,,Required,"HIPAA: §164.308(a)(7)(i) 
NIST CSF: GV.OC, GV.RM, PR.AA, PR.IR, PR.PS, RS.MA 
HPH CPG: 7, 19 
HICP: N/A",
,,,No.,"Consider all natural and man-made disasters that could affect the confidentiality, integrity, and availability of ePHI. Document and test how you would respond in these situations to maintain security of ePHI in your policies and procedures.",0,,Required,"HIPAA: §164.308(a)(7)(i) 
NIST CSF: GV.OC, GV.RM, PR.AA, PR.IR, PR.PS, RS.MA 
HPH CPG: 7, 19 
HICP: N/A",
,,,I don't know. ,"Consider all natural and man-made disasters that could affect the confidentiality, integrity, and availability of ePHI. Document and test how you would respond in these situations to maintain security of ePHI in your policies and procedures.",0,,Required,"HIPAA: §164.308(a)(7)(i) 
NIST CSF: GV.OC, GV.RM, PR.AA, PR.IR, PR.PS, RS.MA 
HPH CPG: 7, 19 
HICP: N/A",
,,,Flag this question for later.,"This question will be marked as an area for review and will be included in the ""Flagged Questions"" report. ",0,,Required,"HIPAA: §164.308(a)(7)(i) 
NIST CSF: GV.OC, GV.RM, PR.AA, PR.IR, PR.PS, RS.MA 
HPH CPG: 7, 19 
HICP: N/A",
,Notes,,,,,,,,
8,"Does your practice have policies and procedures in place to prevent, detect, and respond to security incidents?",,,,,,,,
,,,Yes. ,"This is the most effective option among those provided to protect the confidentiality, integrity, and availability of ePHI.",1,,Required,"HIPAA: §164.308(a)(6)(i) 
NIST CSF: DE.AE, RS.CO, RC.CO, PR.PS 
HPH CPG: 18, 19 
HICP: N/A",
,,,No. ,"Your practice may not be able to safeguard its information systems, applications, and ePHI if it does not have policies and procedures designed to help prevent, detect, and respond to security incidents.",0,,Required,"HIPAA: §164.308(a)(6)(i) 
NIST CSF: DE.AE, RS.CO, RC.CO, PR.PS 
HPH CPG: 18, 19 
HICP: N/A",
,,,I don't know.,"Your practice may not be able to safeguard its information systems, applications, and ePHI if it does not have policies and procedures designed to help prevent, detect, and respond to security incidents.",0,,Required,"HIPAA: §164.308(a)(6)(i) 
NIST CSF: DE.AE, RS.CO, RC.CO, PR.PS 
HPH CPG: 18, 19 
HICP: N/A",
,,,Flag this question for later.,"This question will be marked as an area for review and will be included in the ""Flagged Questions"" report. ",0,,Required,"HIPAA: §164.308(a)(6)(i) 
NIST CSF: DE.AE, RS.CO, RC.CO, PR.PS 
HPH CPG: 18, 19 
HICP: N/A",
,Notes,,,,,,,,
9,"How does your practice prevent, detect, and respond to security incidents? ",,,,,,,,
,,,We have a security incident response plan documented in our policies and procedures. ,Consider testing the security incident response plan periodically using a documented process. The incident plan should cover broad categories of incidents to prepare for. Testing the incident plan is an effective means of preparation and training. Describe requirements for users to report suspicious activities in the organization and for the cybersecurity department to manage incident response. ,0,,Required,"HIPAA: §164.308(a)(6)(i) 
NIST CSF: DE.AE, RS.CO, RC.CO, PR.PS, RS.IP 
HPH CPG: 7, 18, 19 
HICP: TV1 - Practice # 8",
,,,As part of training exercises we periodically test our security incident response plan. ,Testing your incident response plan is an effective means of preparation and training. The incident plan should cover a range of categories to prepare for and should be documented in your policies and procedures. Also consider tracking security incident responses and outcomes and communicating them to the appropriate workforce members for security incident awareness and mitigation. Describe requirements for users to report suspicious activities in the organization and for the cybersecurity department to manage incident response. ,0,,Required,"HIPAA: §164.308(a)(6)(i) 
NIST CSF: DE.AE, RS.CO, RC.CO, PR.PS, RS.IP 
HPH CPG: 7, 18, 19 
HICP: TV1 - Practice # 8",
,,,We track all security incident responses and outcomes and report them to our security officer. We then ensure proper mitigation procedures are followed in a timely manner.,Consider documenting your incident response plan in your policies and procedures and testing the plan periodically using a documented process. The incident plan should cover broad categories of incidents to prepare for. Testing the incident plan is an effective means of preparation and training. Describe requirements for users to report suspicious activities in the organization and for the cybersecurity department to manage incident response. ,0,,Required,"HIPAA: §164.308(a)(6)(i) 
NIST CSF: DE.AE, RS.CO, RC.CO, PR.PS, RS.IP 
HPH CPG: 7, 18, 19 
HICP: TV1 - Practice # 8",
,,,We communicate recent security incident responses and outcomes to our workforce for additional security awareness and prevention. ,Consider documenting your incident response plan in your policies and procedures and testing the plan periodically using a documented process. The incident plan should cover broad categories of incidents to prepare for. Testing the incident plan is an effective means of preparation and training. Describe requirements for users to report suspicious activities in the organization and for the cybersecurity department to manage incident response. ,0,,Required,"HIPAA: §164.308(a)(6)(i) 
NIST CSF: DE.AE, RS.CO, RC.CO, PR.PS, RS.IP 
HPH CPG: 7, 18, 19 
HICP: TV1 - Practice # 8",
,,,All of the above. ,"This is the most effective option among those provided to protect the confidentiality, integrity, and availability of ePHI. Describe requirements for users to report suspicious activities in the organization and for the cybersecurity department to manage incident response. ",1,,Required,"HIPAA: §164.308(a)(6)(i) 
NIST CSF: DE.AE, RS.CO, RC.CO, PR.PS, RS.IP 
HPH CPG: 7, 18, 19 
HICP: TV1 - Practice # 8",
,,,"Our security incident response plan is tested as needed (for example, when activated in real-world situations) but not on a periodic basis.",Consider documenting your incident response plan in your policies and procedures and testing the plan periodically using a documented process. The incident plan should cover broad categories of incidents to prepare for. Testing the incident plan is an effective means of preparation and training. Describe requirements for users to report suspicious activities in the organization and for the cybersecurity department to manage incident response. ,0,,Required,"HIPAA: §164.308(a)(6)(i) 
NIST CSF: DE.AE, RS.CO, RC.CO, PR.PS, RS.IP 
HPH CPG: 7, 18, 19 
HICP: TV1 - Practice # 8",
,,,We do not have a process for managing security incidents or an incident response testing plan.,"Develop an incident response plan that covers broad categories of incidents to prepare for. Ensure that security incident response, reporting, and mitigation procedures are followed by workforce members, are conducted in a timely manner, and their outcomes are properly documented and communicated to the appropriate workforce members. Also consider testing the plan to ensure its effectiveness. Describe requirements for users to report suspicious activities in the organization and for the cybersecurity department to manage incident response. ",0,,Required,"HIPAA: §164.308(a)(6)(i) 
NIST CSF: DE.AE, RS.CO, RC.CO, PR.PS, RS.IP 
HPH CPG: 7, 18, 19 
HICP: TV1 - Practice # 8",
,,,I don't know.,"Develop an incident response plan that covers broad categories of incidents to prepare for. Ensure that security incident response, reporting, and mitigation procedures are followed by workforce members, are conducted in a timely manner, and their outcomes are properly documented and communicated to the appropriate workforce members. Also consider testing the plan to ensure its effectiveness. Describe requirements for users to report suspicious activities in the organization and for the cybersecurity department to manage incident response. ",0,,Required,"HIPAA: §164.308(a)(6)(i) 
NIST CSF: DE.AE, RS.CO, RC.CO, PR.PS, RS.IP 
HPH CPG: 7, 18, 19 
HICP: TV1 - Practice # 8",
,,,Other.,"Consider developing an incident response plan that covers broad categories of incidents to prepare for. Ensure that security incident response, reporting, and mitigation procedures are followed by workforce members, are conducted in a timely manner, and their outcomes are properly documented and communicated to the appropriate workforce members. Also consider testing the plan to ensure its effectiveness. Describe requirements for users to report suspicious activities in the organization and for the cybersecurity department to manage incident response. ",0,,Required,"HIPAA: §164.308(a)(6)(i) 
NIST CSF: DE.AE, RS.CO, RC.CO, PR.PS, RS.IP 
HPH CPG: 7, 18, 19 
HICP: TV1 - Practice # 8",
,,,Flag this question for later.,"This question will be marked as an area for review and will be included in the ""Flagged Questions"" report. ",0,,Required,"HIPAA: §164.308(a)(6)(i) 
NIST CSF: DE.AE, RS.CO, RC.CO, PR.PS, RS.IP 
HPH CPG: 7, 18, 19 
HICP: TV1 - Practice # 8",
,Notes,,,,,,,,
10,Has your practice identified specific personnel as your incident response team?,,,,,,,,
,,,Yes.,"This is the most effective option among those provided to protect the confidentiality, integrity, and availability of ePHI. Before an incident occurs, make sure you understand who will lead your incident investigation. Additionally, make sure you understand which personnel will support the leader during each phase of the investigation. At minimum, you should identify the top security expert who will provide direction to the supporting personnel.",1,,Required,"HIPAA: §164.308(a)(6)(ii) 
NIST CSF: RC.CO, GV.RM, PR.PS, DE.AE, RS.MA, RS.CO, RS.AN, RS.MI, ID.AM, GV.RR, GV.PO, GV.OV 
HPH CPG: 7, 19 
HICP: TV1 - Practice # 8",
,,,No. ,"Identify workforce members who need access to facilities in the event of an emergency, identify roles and responsibilities, and create a backup plan for accessing facilities and critical data. Before an incident occurs, make sure you understand who will lead your incident investigation. Additionally, make sure you understand which personnel will support the leader during each phase of the investigation. At minimum, you should identify the top security expert who will provide direction to the supporting personnel.",0,,Required,"HIPAA: §164.308(a)(6)(ii) 
NIST CSF: RC.CO, GV.RM, PR.PS, DE.AE, RS.MA, RS.CO, RS.AN, RS.MI, ID.AM, GV.RR, GV.PO, GV.OV 
HPH CPG: 7, 19 
HICP: TV1 - Practice # 8",
,,,I don't know.,"Identify workforce members who need access to facilities in the event of an emergency, identify roles and responsibilities, and create a backup plan for accessing facilities and critical data. Before an incident occurs, make sure you understand who will lead your incident investigation. Additionally, make sure you understand which personnel will support the leader during each phase of the investigation. At minimum, you should identify the top security expert who will provide direction to the supporting personnel.",0,,Required,"HIPAA: §164.308(a)(6)(ii) 
NIST CSF: RC.CO, GV.RM, PR.PS, DE.AE, RS.MA, RS.CO, RS.AN, RS.MI, ID.AM, GV.RR, GV.PO, GV.OV 
HPH CPG: 7, 19 
HICP: TV1 - Practice # 8",
,,,Flag this question for later.,"This question will be marked as an area for review and will be included in the ""Flagged Questions"" report. ",0,,Required,"HIPAA: §164.308(a)(6)(ii) 
NIST CSF: RC.CO, GV.RM, PR.PS, DE.AE, RS.MA, RS.CO, RS.AN, RS.MI, ID.AM, GV.RR, GV.PO, GV.OV 
HPH CPG: 7, 19 
HICP: TV1 - Practice # 8",
,Notes,,,,,,,,
11,How are members of your incident response team identified and trained?,,,,,,,,
,,,Workforce members are trained on their role and responsibilities as part of the incident response team (upon hire) as well as periodic reminders of our internal policies and procedures and testing exercises.,"This is the most effective option among those provided to protect the confidentiality, integrity, and availability of ePHI. At minimum, you should identify the top security expert who will provide direction to the supporting personnel. Ensure that the leader is fully authorized to execute all tasks required to complete the investigation.",1,,Required,"HIPAA: §164.308(a)(6)(ii) 
NIST CSF: PR.AT, RC.CO, GV.RM, PR.PS, DE.AE, RS.MA, RS.CO, RS.AN, RS.MI, ID.AM, ID.RA 
HPH CPG: 4, 7, 19 
HICP: TV1 - Practice # 8",
,,,Workforce members are trained on their role and responsibilities as part of the incident response team (upon hire).,"Train members of your incident response team both upon hire and during periodic review. Testing your incident response plan can be an effective training method. At minimum, you should identify the top security expert who will provide direction to the supporting personnel. Ensure that the leader is fully authorized to execute all tasks required to complete the investigation.",0,,Required,"HIPAA: §164.308(a)(6)(ii) 
NIST CSF: PR.AT, RC.CO, GV.RM, PR.PS, DE.AE, RS.MA, RS.CO, RS.AN, RS.MI, ID.AM, ID.RA 
HPH CPG: 4, 7, 19 
HICP: TV1 - Practice # 8",
,,,"Workforce members are verbally communicated about what their role and responsibility is on the incident response team, but this is not a formal process.","Consider formally documenting and training workforce members on matters regarding their role and responsibility on the incident response team. Testing your incident response plan can be an effective training method. At minimum, you should identify the top security expert who will provide direction to the supporting personnel. Ensure that the leader is fully authorized to execute all tasks required to complete the investigation.",0,,Required,"HIPAA: §164.308(a)(6)(ii) 
NIST CSF: PR.AT, RC.CO, GV.RM, PR.PS, DE.AE, RS.MA, RS.CO, RS.AN, RS.MI, ID.AM, ID.RA 
HPH CPG: 4, 7, 19 
HICP: TV1 - Practice # 8",
,,,We do not have a process to inform workforce members about their role and responsibility on the incident response team.,"Your practice may not be able to safeguard its information systems, applications, and ePHI if it does not identify members of its incident response team and assure workforce members are trained and that incident response plans are tested. At minimum, you should identify the top security expert who will provide direction to the supporting personnel. Ensure that the leader is fully authorized to execute all tasks required to complete the investigation.",0,,Required,"HIPAA: §164.308(a)(6)(ii) 
NIST CSF: PR.AT, RC.CO, GV.RM, PR.PS, DE.AE, RS.MA, RS.CO, RS.AN, RS.MI, ID.AM, ID.RA 
HPH CPG: 4, 7, 19 
HICP: TV1 - Practice # 8",
,,,I don't know.,"Your practice may not be able to safeguard its information systems, applications, and ePHI if it does not identify members of its incident response team and assure workforce members are trained and that incident response plans are tested. At minimum, you should identify the top security expert who will provide direction to the supporting personnel. Ensure that the leader is fully authorized to execute all tasks required to complete the investigation.",0,,Required,"HIPAA: §164.308(a)(6)(ii) 
NIST CSF: PR.AT, RC.CO, GV.RM, PR.PS, DE.AE, RS.MA, RS.CO, RS.AN, RS.MI, ID.AM, ID.RA 
HPH CPG: 4, 7, 19 
HICP: TV1 - Practice # 8",
,,,Other.,"Your practice may not be able to safeguard its information systems, applications, and ePHI if it does not identify members of its incident response team and assure workforce members are trained and that incident response plans are tested. At minimum, you should identify the top security expert who will provide direction to the supporting personnel. Ensure that the leader is fully authorized to execute all tasks required to complete the investigation.",0,,Required,"HIPAA: §164.308(a)(6)(ii) 
NIST CSF: PR.AT, RC.CO, GV.RM, PR.PS, DE.AE, RS.MA, RS.CO, RS.AN, RS.MI, ID.AM, ID.RA 
HPH CPG: 4, 7, 19 
HICP: TV1 - Practice # 8",
,,,Flag this question for later.,"This question will be marked as an area for review and will be included in the ""Flagged Questions"" report. ",0,,Required,"HIPAA: §164.308(a)(6)(ii) 
NIST CSF: PR.AT, RC.CO, GV.RM, PR.PS, DE.AE, RS.MA, RS.CO, RS.AN, RS.MI, ID.AM, ID.RA 
HPH CPG: 4, 7, 19 
HICP: TV1 - Practice # 8",
,Notes,,,,,,,,
12,Has your practice evaluated and determined which systems and ePHI are necessary for maintaining business-as-usual in the event of an emergency?,,,,,,,,
,,,"Yes, we have a process of evaluating all hardware and software systems, including those of business associates, to determine criticality of the systems and ePHI that would be accessed by executing our contingency plan. This is documented along with our asset inventory.","This is the most effective option among those provided to protect the confidentiality, integrity, and availability of ePHI. Define the standard practices for recovering IT/OT assets in the case of a disaster, including backup plans.",1,,Required,"HIPAA: §164.308(a)(7)(i) 
NIST CSF: GV.OC, GV.RM, PR.AA, PR.IR, PR.PS, RS.MA 
HPH CPG: 19 
HICP: TV1 - Practice # 10",
,,,"Yes, we have identified which information systems are more critical than others, including those of business associates, but have not formally documented this in our contingency plan.","Consider documenting this process and include all mission-critical systems in your contingency plan. Define the standard practices for recovering IT/OT assets in the case of a disaster, including backup plans.",0,,Required,"HIPAA: §164.308(a)(7)(i) 
NIST CSF: GV.OC, GV.RM, PR.AA, PR.IR, PR.PS, RS.MA 
HPH CPG: 19 
HICP: TV1 - Practice # 10",
,,,"No, we have not implemented a process for identifying and assessing criticality of information systems.","Consider evaluating all hardware and software systems, including those of business associates, to determine criticality of the systems and ePHI that would be accessed. Document this process and include all mission-critical systems in your contingency plan. Define the standard practices for recovering IT/OT assets in the case of a disaster, including backup plans.",0,,Required,"HIPAA: §164.308(a)(7)(i) 
NIST CSF: GV.OC, GV.RM, PR.AA, PR.IR, PR.PS, RS.MA 
HPH CPG: 19 
HICP: TV1 - Practice # 10",
,,,I don't know.,"Consider evaluating all hardware and software systems, including those of business associates, to determine criticality of the systems and ePHI that would be accessed. Document this process and include all mission-critical systems in your contingency plan. Define the standard practices for recovering IT/OT assets in the case of a disaster, including backup plans.",0,,Required,"HIPAA: §164.308(a)(7)(i) 
NIST CSF: GV.OC, GV.RM, PR.AA, PR.IR, PR.PS, RS.MA 
HPH CPG: 19 
HICP: TV1 - Practice # 10",
,,,Other.,"Consider evaluating all hardware and software systems, including those of business associates, to determine criticality of the systems and ePHI that would be accessed. Document this process and include all mission-critical systems in your contingency plan. Define the standard practices for recovering IT/OT assets in the case of a disaster, including backup plans.",0,,Required,"HIPAA: §164.308(a)(7)(i) 
NIST CSF: GV.OC, GV.RM, PR.AA, PR.IR, PR.PS, RS.MA 
HPH CPG: 19 
HICP: TV1 - Practice # 10",
,,,Flag this question for later.,"This question will be marked as an area for review and will be included in the ""Flagged Questions"" report. ",0,,Required,"HIPAA: §164.308(a)(7)(i) 
NIST CSF: GV.OC, GV.RM, PR.AA, PR.IR, PR.PS, RS.MA 
HPH CPG: 19 
HICP: TV1 - Practice # 10",
,Notes,,,,,,,,
13,"How would your practice maintain access to ePHI in the event of an emergency, system failure, or physical disaster?",,,,,,,,
,,,We have implemented procedures and mechanisms for obtaining necessary electronic protected health information during various types of emergencies.,"This is the most effective option among those provided to protect the confidentiality, integrity, and availability of ePHI. ",1,,Required,"HIPAA: §164.312(a)(2)(ii) 
NIST CSF: PR.AA, PR.IR, GV.OC, PR.DS, PR.PS, PR.MA, RS.MA, RS.CO 
HPH CPG: 19 
HICP: N/A",
,,,We have mechanisms in place to obtain access to ePHI during an emergency but do not have procedures documenting how these mechanisms are to be utilized.,"Document procedures to describe how your practice will maintain access to ePHI in the event of an emergency, system failure, or physical disaster. Your practice might not be able to recover ePHI and other health information during an emergency or when systems become unavailable if it does not backup ePHI by saving an exact copy to a magnetic disk/tape or a virtual storage (e.g., cloud environment).",0,,Required,"HIPAA: §164.312(a)(2)(ii) 
NIST CSF: PR.AA, PR.IR, GV.OC, PR.DS, PR.PS, PR.MA, RS.MA, RS.CO 
HPH CPG: 19 
HICP: N/A",
,,,We do not have procedures or mechanisms to maintain access to ePHI in the event of an emergency.,"Document procedures to describe how your practice will maintain access to ePHI in the event of an emergency, system failure, or physical disaster. Your practice might not be able to recover ePHI and other health information during an emergency or when systems become unavailable if it does not backup ePHI by saving an exact copy to a magnetic disk/tape or a virtual storage (e.g., cloud environment).",0,,Required,"HIPAA: §164.312(a)(2)(ii) 
NIST CSF: PR.AA, PR.IR, GV.OC, PR.DS, PR.PS, PR.MA, RS.MA, RS.CO 
HPH CPG: 19 
HICP: N/A",
,,,I don't know.,"Document procedures to describe how your practice will maintain access to ePHI in the event of an emergency, system failure, or physical disaster. Your practice might not be able to recover ePHI and other health information during an emergency or when systems become unavailable if it does not backup ePHI by saving an exact copy to a magnetic disk/tape or a virtual storage (e.g., cloud environment).",0,,Required,"HIPAA: §164.312(a)(2)(ii) 
NIST CSF: PR.AA, PR.IR, GV.OC, PR.DS, PR.PS, PR.MA, RS.MA, RS.CO 
HPH CPG: 19 
HICP: N/A",
,,,Flag this question for later.,"This question will be marked as an area for review and will be included in the ""Flagged Questions"" report. ",0,,Required,"HIPAA: §164.312(a)(2)(ii) 
NIST CSF: PR.AA, PR.IR, GV.OC, PR.DS, PR.PS, PR.MA, RS.MA, RS.CO 
HPH CPG: 19 
HICP: N/A",
,Notes,,,,,,,,
14,"How would your practice maintain security of ePHI and crucial business processes before, during, and after an emergency?",,,,,,,,
,,,We have robust contingency plans which provide for alternate site or other means for continued access to ePHI. We test them periodically to ensure continuity of security processes in an emergency setting.,"This is the most effective option among those provided to protect the confidentiality, integrity, and availability of ePHI.",1,,Required,"HIPAA: §164.308(a)(7)(ii)(C) 
NIST CSF: GV.OC, GV.RM, PR.PS, RS.MA, RS.CO, RS.AN, RC.CO, RC.RP 
HPH CPG: 7, 19 
HICP: N/A",
,,,We have contingency plans which will be used to maintain continuity of security processes during an emergency setting.,Establish (and implement as needed) procedures to enable continuation of critical business processes for protection of the security of electronic protected health information while operating in emergency mode.,0,,Required,"HIPAA: §164.308(a)(7)(ii)(C) 
NIST CSF: GV.OC, GV.RM, PR.PS, RS.MA, RS.CO, RS.AN, RC.CO, RC.RP 
HPH CPG: 7, 19 
HICP: N/A",
,,,We have not implemented a means of ensuring continuity of security processes in an emergency setting.,Establish (and implement as needed) procedures to enable continuation of critical business processes for protection of the security of electronic protected health information while operating in emergency mode.,0,,Required,"HIPAA: §164.308(a)(7)(ii)(C) 
NIST CSF: GV.OC, GV.RM, PR.PS, RS.MA, RS.CO, RS.AN, RC.CO, RC.RP 
HPH CPG: 7, 19 
HICP: N/A",
,,,I don't know.,Establish (and implement as needed) procedures to enable continuation of critical business processes for protection of the security of electronic protected health information while operating in emergency mode.,0,,Required,"HIPAA: §164.308(a)(7)(ii)(C) 
NIST CSF: GV.OC, GV.RM, PR.PS, RS.MA, RS.CO, RS.AN, RC.CO, RC.RP 
HPH CPG: 7, 19 
HICP: N/A",
,,,Other.,Establish (and implement as needed) procedures to enable continuation of critical business processes for protection of the security of electronic protected health information while operating in emergency mode.,0,,Required,"HIPAA: §164.308(a)(7)(ii)(C) 
NIST CSF: GV.OC, GV.RM, PR.PS, RS.MA, RS.CO, RS.AN, RC.CO, RC.RP 
HPH CPG: 7, 19 
HICP: N/A",
,,,Flag this question for later.,"This question will be marked as an area for review and will be included in the ""Flagged Questions"" report. ",0,,Required,"HIPAA: §164.308(a)(7)(ii)(C) 
NIST CSF: GV.OC, GV.RM, PR.PS, RS.MA, RS.CO, RS.AN, RC.CO, RC.RP 
HPH CPG: 7, 19 
HICP: N/A",
,Notes,,,,,,,,
15,Do you have a plan for backing up and restoring critical data?,,,,,,,,
,,,"Yes, we have a plan for determining which data is critically needed, creating retrievable, exact copies of critical data and how to restore that data, including from alternate locations. We also test and revise the plan, as needed.","This is the most effective option among those provided to protect the confidentiality, integrity, and availability of ePHI. Define the standard practices for recovering IT/OT assets in the case of a disaster, including backup plans.",1,,Required & Addressable,"HIPAA: §164.308(a)(7)(ii)(A),§164.308(a)(7)(ii)(B), and §164.308(a)(7)(ii)(E) 
NIST CSF: GV.OC, ID.RA, GV.RM, RS.AN, PR.PS, RS.MA, RS.CO, RC.CO, RC.RP, PR.DS 
HPH CPG: 19, 20 
HICP: TV1 - Practice # 10",
,,,"Yes, we have a plan for creating retrievable, exact copies of critical data and how to restore that data. We do not have a process for testing and revising this plan.","Consider conducting periodic tests of backup recovery procedures. Define the standard practices for recovering IT/OT assets in the case of a disaster, including backup plans.",0,,Required & Addressable,"HIPAA: §164.308(a)(7)(ii)(A),§164.308(a)(7)(ii)(B), and §164.308(a)(7)(ii)(E) 
NIST CSF: GV.OC, ID.RA, GV.RM, RS.AN, PR.PS, RS.MA, RS.CO, RC.CO, RC.RP, PR.DS 
HPH CPG: 19, 20 
HICP: TV1 - Practice # 10",
,,,We do not have a data backup and restoration plan.,"You should establish and implement procedures to create and maintain retrievable exact copies of electronic protected health information. Consider implementing, documenting, and testing a data backup and restoration plan. Define the standard practices for recovering IT/OT assets in the case of a disaster, including backup plans.",0,,Required & Addressable,"HIPAA: §164.308(a)(7)(ii)(A),§164.308(a)(7)(ii)(B), and §164.308(a)(7)(ii)(E) 
NIST CSF: GV.OC, ID.RA, GV.RM, RS.AN, PR.PS, RS.MA, RS.CO, RC.CO, RC.RP, PR.DS 
HPH CPG: 19, 20 
HICP: TV1 - Practice # 10",
,,,I don't know.,"You should establish and implement procedures to create and maintain retrievable exact copies of electronic protected health information. Consider looking into whether your practice is implementing, documenting, and testing a data backup and restoration plan. Define the standard practices for recovering IT/OT assets in the case of a disaster, including backup plans.",0,,Required & Addressable,"HIPAA: §164.308(a)(7)(ii)(A),§164.308(a)(7)(ii)(B), and §164.308(a)(7)(ii)(E) 
NIST CSF: GV.OC, ID.RA, GV.RM, RS.AN, PR.PS, RS.MA, RS.CO, RC.CO, RC.RP, PR.DS 
HPH CPG: 19, 20 
HICP: TV1 - Practice # 10",
,,,Flag this question for later.,"This question will be marked as an area for review and will be included in the ""Flagged Questions"" report. ",0,,Required & Addressable,"HIPAA: §164.308(a)(7)(ii)(A),§164.308(a)(7)(ii)(B), and §164.308(a)(7)(ii)(E) 
NIST CSF: GV.OC, ID.RA, GV.RM, RS.AN, PR.PS, RS.MA, RS.CO, RC.CO, RC.RP, PR.DS 
HPH CPG: 19, 20 
HICP: TV1 - Practice # 10",
,Notes,,,,,,,,
16,How is your practice's emergency procedure activated?,,,,,,,,
,,,"Upon identification or initiation of an emergency situation, emergency procedures are activated according to documented procedure, such as by formal communication from the security officer or other designated personnel.","This is the most effective option among those provided to protect the confidentiality, integrity, and availability of ePHI.",1,,Required,"HIPAA: §164.312(a)(2)(ii) 
NIST CSF: GV.OC, PR.PS, DE.AE, RS.MA, RS.CO 
HPH CPG: 19 
HICP: N/A",
,,,We do not have a procedure to ensure that the emergency procedure is activated consistently when emergency events are identified.,Details about how and when to activate should be documented in the emergency procedure. ,0,,Required,"HIPAA: §164.312(a)(2)(ii) 
NIST CSF: GV.OC, PR.PS, DE.AE, RS.MA, RS.CO 
HPH CPG: 19 
HICP: N/A",
,,,I don't know. ,Details about how and when to activate should be documented in the emergency procedure. ,0,,Required,"HIPAA: §164.312(a)(2)(ii) 
NIST CSF: GV.OC, PR.PS, DE.AE, RS.MA, RS.CO 
HPH CPG: 19 
HICP: N/A",
,,,Flag this question for later.,"This question will be marked as an area for review and will be included in the ""Flagged Questions"" report. ",0,,Required,"HIPAA: §164.312(a)(2)(ii) 
NIST CSF: GV.OC, PR.PS, DE.AE, RS.MA, RS.CO 
HPH CPG: 19 
HICP: N/A",
,Notes,,,,,,,,
17,How is access to your facility coordinated in the event of disasters or emergency situations?,,,,,,,,
,,,We have written policies and procedures outlining facility access for the restoration of lost data under the Disaster Recovery Plan and Emergency Mode Operations Plan in the event of an emergency. Members of the workforce who need access to the facility in an emergency have been identified. Roles and responsibilities have been defined. A backup plan for accessing the facility and critical data is in place. ,"This is the most effective option among those provided to protect the confidentiality, integrity, and availability of ePHI.",1,,Addressable,"HIPAA: §164.310(a)(2)(i) 
NIST CSF: GV.OC, GV.RM, PR.AA, PR.IR, PR.PS, RS.MA, PR.DS, RS.CO, RC.RP 
HPH CPG: 19 
HICP: N/A",
,,,"We have written policies and procedures outlining facility access for the restoration of lost data under the Disaster Recovery Plan and Emergency Mode Operations Plan in the event of an emergency, but it does not include all of the variables described above.",Implement written policies and procedures outlining facility access for the restoration of lost data under the Disaster Recovery Plan and Emergency Mode Operations Plan in the event of an emergency. Ensure members of the workforce who need access to the facility in an emergency have been identified. Define workforce member roles and responsibilities. Ensure that a backup plan for accessing the facility and critical data is in place. ,0,,Addressable,"HIPAA: §164.310(a)(2)(i) 
NIST CSF: GV.OC, GV.RM, PR.AA, PR.IR, PR.PS, RS.MA, PR.DS, RS.CO, RC.RP 
HPH CPG: 19 
HICP: N/A",
,,,We do not have a written plan for accessing the facility in the event of disasters or emergency situations.,Implement written policies and procedures outlining facility access for the restoration of lost data under the Disaster Recovery Plan and Emergency Mode Operations Plan in the event of an emergency. Ensure members of the workforce who need access to the facility in an emergency have been identified. Define workforce member roles and responsibilities. Ensure that a backup plan for accessing the facility and critical data is in place. ,0,,Addressable,"HIPAA: §164.310(a)(2)(i) 
NIST CSF: GV.OC, GV.RM, PR.AA, PR.IR, PR.PS, RS.MA, PR.DS, RS.CO, RC.RP 
HPH CPG: 19 
HICP: N/A",
,,,Flag this question for later.,"This question will be marked as an area for review and will be included in the ""Flagged Questions"" report. ",0,,Addressable,"HIPAA: §164.310(a)(2)(i) 
NIST CSF: GV.OC, GV.RM, PR.AA, PR.IR, PR.PS, RS.MA, PR.DS, RS.CO, RC.RP 
HPH CPG: 19 
HICP: N/A",
,Notes,,,,,,,,
18,How is your emergency procedure terminated after the emergency circumstance is over?,,,,,,,,
,,,"Upon the conclusion of the emergency situation, normal operations are resumed according to documented procedure, such as by formal communication from the security officer or other designated personnel.","This is the most effective option among those provided to protect the confidentiality, integrity, and availability of ePHI.",1,,Required,"HIPAA: §164.312(a)(2)(ii) 
NIST CSF: N/A 
HPH CPG: 19 
HICP: N/A",
,,,We do not have a procedure to ensure that normal operations are resumed after the conclusion of an emergency.,Details about how and when to terminate should be documented in the emergency procedure.,0,,Required,"HIPAA: §164.312(a)(2)(ii) 
NIST CSF: N/A 
HPH CPG: 19 
HICP: N/A",
,,,I don't know. ,Details about how and when to terminate should be documented in the emergency procedure.,0,,Required,"HIPAA: §164.312(a)(2)(ii) 
NIST CSF: N/A 
HPH CPG: 19 
HICP: N/A",
,,,Flag this question for later.,"This question will be marked as an area for review and will be included in the ""Flagged Questions"" report. ",0,,Required,"HIPAA: §164.312(a)(2)(ii) 
NIST CSF: N/A 
HPH CPG: 19 
HICP: N/A",
,Notes,,,,,,,,
19,"Do you formally evaluate the effectiveness of your security safeguards, including physical safeguards?",,,,,,,,
,,,Yes.,"This is the most effective option among those provided to protect the confidentiality, integrity, and availability of ePHI.",1,,Required,"HIPAA: §164.308(a)(8) 
NIST CSF: ID.AM, GV.OC, ID.RA, PR.PS, DE.AE, DE.CM, RS.MI, ID.IM, RC.MI 
HPH CPG: 19 
HICP: N/A",
,,,No.,Consider conducting technical and non-technical evaluations of security policies and procedures. This should be done periodically and in response to changes in the security environment.,0,,Required,"HIPAA: §164.308(a)(8) 
NIST CSF: ID.AM, GV.OC, ID.RA, PR.PS, DE.AE, DE.CM, RS.MI, ID.IM, RC.MI 
HPH CPG: 19 
HICP: N/A",
,,,I don't know. ,Consider conducting technical and non-technical evaluations of security policies and procedures. This should be done periodically and in response to changes in the security environment.,0,,Required,"HIPAA: §164.308(a)(8) 
NIST CSF: ID.AM, GV.OC, ID.RA, PR.PS, DE.AE, DE.CM, RS.MI, ID.IM, RC.MI 
HPH CPG: 19 
HICP: N/A",
,,,Flag this question for later.,"This question will be marked as an area for review and will be included in the ""Flagged Questions"" report. ",0,,Required,"HIPAA: §164.308(a)(8) 
NIST CSF: ID.AM, GV.OC, ID.RA, PR.PS, DE.AE, DE.CM, RS.MI, ID.IM, RC.MI 
HPH CPG: 19 
HICP: N/A",
,Notes,,,,,,,,
20,"How do you evaluate the effectiveness of your security safeguards, including physical safeguards?",,,,,,,,
,,,"We have procedures in place to evaluate the effectiveness of our security policies and procedures, physical safeguards, and technical safeguards. Our evaluation is conducted periodically and in response to changes in the security environment.","This is the most effective option among those provided to protect the confidentiality, integrity, and availability of ePHI.",1,,Required,"HIPAA: §164.308(a)(8) 
NIST CSF: ID.AM, GV.OC, ID.RA, PR.PS, DE.AE, DE.CM, RS.MI, ID.IM, RC.MI 
HPH CPG: 19 
HICP: N/A",
,,,"We have procedures in place to evaluate the effectiveness of our security policies and procedures, physical safeguards, and technical safeguards but we do not update them with any set frequency.",Consider conducting technical and non-technical evaluations of security policies and procedures periodically and in response to changes in the security environment.,0,,Required,"HIPAA: §164.308(a)(8) 
NIST CSF: ID.AM, GV.OC, ID.RA, PR.PS, DE.AE, DE.CM, RS.MI, ID.IM, RC.MI 
HPH CPG: 19 
HICP: N/A",
,,,We do not have a formal process to evaluate the effectiveness of our security safeguards.,Consider conducting technical and non-technical evaluations of security policies and procedures. This should be done periodically and in response to changes in the security environment.,0,,Required,"HIPAA: §164.308(a)(8) 
NIST CSF: ID.AM, GV.OC, ID.RA, PR.PS, DE.AE, DE.CM, RS.MI, ID.IM, RC.MI 
HPH CPG: 19 
HICP: N/A",
,,,Flag this question for later.,"This question will be marked as an area for review and will be included in the ""Flagged Questions"" report. ",0,,Required,"HIPAA: §164.308(a)(8) 
NIST CSF: ID.AM, GV.OC, ID.RA, PR.PS, DE.AE, DE.CM, RS.MI, ID.IM, RC.MI 
HPH CPG: 19 
HICP: N/A",
,Notes,,,,,,,,
,,,,,,,,,
Threats & Vulnerabilities,,,,,Likelihood,Likelihood,Impact,Risk Score,
1,Failure to adopt a documented business contingency plan,,,,,,,,
,,,Corrective enforcement outcomes from regulatory agencies,,,,,,
,,,"Failure to define purpose, scope, roles/responsibilities, and/or management commitment",,,,,,
,,,Inability to demonstrate recovery objectives and restoration priorities,,,,,,
,,,Litigation due to not meeting minimum security requirements,,,,,,
,,,Unguided procedures during downtime or unexpected event,,,,,,
2,Failure to update or review contingency plan procedures,,,,,,,,
,,,"Information disclosure or theft (ePHI, proprietary, intellectual, or confidential)",,,,,,
,,,Unauthorized access to or modification of ePHI/sensitive information,,,,,,
,,,Out-of-date documentation not reflecting the most recent expected procedures,,,,,,
,,,Inconsistent or inadequate contingency response due to uncertainty,,,,,,
,,,Unguided procedures during downtime or unexpected event,,,,,,
3,Lack of consideration to reasonably anticipated environmental threats,,,,,,,,
,,,Damage to public reputation due to information breach/loss,,,,,,
,,,Physical damage to facility,,,,,,
,,,Financial loss from increased downtime of information systems,,,,,,
,,,Inability to recovery from system failure,,,,,,
,,,Increased recovery time during unexpected downtime of information systems,,,,,,
,,,"Injury or death of personnel (employee, patient, guest)",,,,,,
,,,Loss of productivity,,,,,,
,,,Overheating of network devices due to increased ambient temperature,,,,,,
,,,Physical access granted to unauthorized persons or entities,,,,,,
,,,Power outage affecting the availability of critical security and information systems,,,,,,
4,Infrequent training provided to staff and personal regarding business contingency procedures,,,,,,,,
,,,Damage to public reputation due to information breach/loss,,,,,,
,,,Financial loss from increased downtime of information systems,,,,,,
,,,Inability to recovery from system failure,,,,,,
,,,Increased recovery time during unexpected downtime of information systems,,,,,,
,,,Loss of productivity,,,,,,
5,Inadequate written procedures for security incident tracking and monitoring,,,,,,,,
,,,Adversaries maintain exploitation capability due to security incidents being undetected or undocumented ,,,,,,
,,,Failure to adopt remediation plan based on identified security incidents,,,,,,
,,,"Failure to define purpose, scope, roles, responsibilities, and or management commitment pertaining to the tracking of security incidents",,,,,,
6,Lack of access to ePHI during emergency events,,,,,,,,
,,,Damage to public reputation,,,,,,
,,,Lost revenue from canceled appointments,,,,,,
